id,username,email,age
1,ewhitaker,jorge00@example.net,23
2,christophersimpson,bryanwelch@example.org,62
3,kwilkins,jesseatkins@example.net,33
4,leah67,douglasoscar@example.net,47
5,antoniomueller,robinsonchristian@example.org,42
6,bbranch,onelson@example.com,61
7,kcastro,sylviabolton@example.org,32
8,franklinolivia,amymoore@example.org,46
9,ymeyer,cynthiabrooks@example.com,53
10,walkercrystal,allison07@example.com,51
11,shirleysingh,xbutler@example.org,34
12,gary16,justin16@example.net,38
13,racheloneal,bakerrodney@example.org,58
14,tracey38,ashleytorres@example.org,33
15,blanchardgregory,jennifer29@example.net,31
16,simpsonlindsey,thomaschristina@example.net,36
17,eharrison,denisekelly@example.com,18
18,wgonzalez,brookestrickland@example.org,57
19,lromero,nelsonamanda@example.net,26
20,dcummings,kelly11@example.org,45
21,daviserin,bethanymarshall@example.org,64
22,caitlynbrown,adammitchell@example.net,48
23,richardchristensen,williamssonya@example.org,51
24,johnsonchristina,belinda01@example.org,20
25,dennis65,mark11@example.net,53
26,qtucker,leonardbenjamin@example.org,31
27,nglass,gilmoreroberta@example.org,27
28,samanthaoliver,pughtodd@example.net,32
29,emurray,stephaniesmith@example.net,33
30,vflynn,smithpamela@example.com,22
31,kellykaren,carla16@example.org,30
32,jonathan55,eschroeder@example.org,38
33,gilbertjennifer,chanmichele@example.com,49
34,knighttyler,sandra95@example.org,54
35,lbowers,jameshammond@example.org,31
36,jonathan12,ronaldthompson@example.com,35
37,alexander64,lcortez@example.net,58
38,sarah18,timothy43@example.com,20
39,fred59,robert65@example.net,50
40,fweber,andrew19@example.org,21
41,ritawood,hendersonbarbara@example.org,56
42,gabriel10,amedina@example.org,24
43,shellywilliams,bryan49@example.com,43
44,richardruiz,donna55@example.com,42
45,keymichael,perezjustin@example.com,19
46,bthomas,josephroberson@example.org,63
47,jessicalong,sandra95@example.org,50
48,lowechristopher,ohernandez@example.org,23
49,wmooney,johnnyelliott@example.org,62
50,williamcampos,bensonvanessa@example.com,63
51,ugutierrez,rkim@example.net,18
52,moralesjacob,ubyrd@example.org,36
53,pamela96,rogerfletcher@example.com,24
54,corykidd,stephen82@example.net,55
55,mooremonica,kevin25@example.net,44
56,jesse39,johnstonjessica@example.org,32
57,erica77,john48@example.org,55
58,adamsjames,lozanoerin@example.com,61
59,seangreen,davidwagner@example.com,26
60,santosangel,zmendoza@example.com,21
61,johnreyes,lauren45@example.com,64
62,gabriellehamilton,usingleton@example.org,24
63,kelly16,atorres@example.com,57
64,stephanie09,burnslori@example.com,23
65,waltonjoshua,daniel54@example.org,49
66,michaelweber,michealcurry@example.com,46
67,robyn43,ymyers@example.com,39
68,vlang,jrussell@example.org,41
69,bwilliams,christophersmith@example.org,29
70,brookeyu,ystephens@example.org,24
71,ngoodman,kinglisa@example.com,44
72,lori23,james00@example.org,32
73,arnoldsylvia,bcraig@example.org,53
74,fwright,mirandadavid@example.net,25
75,stanley51,ohamilton@example.net,35
76,chelsea74,robertadkins@example.com,50
77,thompsonsabrina,npotts@example.com,65
78,cooleyjacob,greenrobert@example.org,24
79,cynthia41,sharon33@example.com,23
80,gthompson,blairdavid@example.com,27
81,sandy27,georgehernandez@example.org,25
82,andrewbird,lsantana@example.org,63
83,moraleselizabeth,zheath@example.com,32
84,stephenmoody,evanschelsea@example.com,34
85,andrewmiller,ucoleman@example.org,34
86,davidlewis,nhernandez@example.com,23
87,michellegutierrez,amanda13@example.net,64
88,chelseyortiz,curtisrusso@example.com,42
89,wberry,sherry25@example.net,51
90,msmith,lindaboyer@example.org,49
91,joshuarusso,carolynacosta@example.com,33
92,heatherhuynh,jessica04@example.net,61
93,atucker,anthony19@example.com,51
94,lindseybrown,michaelsmith@example.net,31
95,georgehester,kfarmer@example.com,55
96,jwebster,davissamuel@example.com,55
97,tthompson,alan41@example.org,24
98,chase85,yreeves@example.net,47
99,jenniferwilliams,katherine94@example.net,22
100,daviselaine,jeffrey49@example.com,20
